Image name,index
1446121117630140.png,0
1446121118692649.png,1
1446121119442656.png,2
1446121120130163.png,3
1446121120692668.png,4
1446121121255175.png,5
1446121121692676.png,6
1446121119630159.png,7
1446121122192677.png,8
1446121119630159.png,9
1446121122505179.png,10
1446121123005184.png,11
1446121123442687.png,12
1446121123817688.png,13
1446121124192690.png,14
1446121124692695.png,15
1446121125130200.png,16
1446121125630205.png,17
1446121126005207.png,18
1446121123130187.png,19
1446121126255208.png,20
1446121126692716.png,21
1446121127130218.png,22
1446121127630222.png,23
1446121128005228.png,24
1446121128505231.png,25
1446121128942735.png,26
1446121129317738.png,27
1446121129942743.png,28
1446121130442750.png,29
1446121131005254.png,30
1446121131567776.png,31
1446121132130266.png,32
1446121132630271.png,33
1446121133192777.png,34
1446121133692782.png,35
1446121134130287.png,36
1446121134692792.png,37
1446121135192799.png,38
1446121135817805.png,39
1446121136442811.png,40
1446121137130319.png,41
1446121138442828.png,42
1446121150630439.png,43
1446121153942964.png,44
1446121154692972.png,45
1446121155192976.png,46
1446121155817979.png,47
1446121156505485.png,48
1446121157192989.png,49
1446121159005509.png,50
1446121160505524.png,51
1446121161380532.png,52
1446121162318055.png,53
1446121163130554.png,54
1446121163630558.png,55
1446121164005560.png,56
1446121164505565.png,57
1446121165005570.png,58
1446123507528581.png,59
1446121165880575.png,60
1446121166130578.png,61
1446121166505576.png,62
1446121166818079.png,63
1446121167130583.png,64
1446121167443084.png,65
1446121167755586.png,66
1446121167943088.png,67
1446121168130590.png,68
1446121168193091.png,69
1446121168443093.png,70
1446121168630595.png,71
1446121168818096.png,72
1446121169005600.png,73
1446121169255602.png,74
1446121169443104.png,75
1446121169630604.png,76
1446121169693105.png,77
1446121169943108.png,78
1446121170130610.png,79
1446121170318111.png,80
1446121170443112.png,81
1446121170630614.png,82
1446121170818116.png,83
1446121171005618.png,84
1446121171130622.png,85
1446121171318121.png,86
1446121171505623.png,87
1446121171630624.png,88
1446121171818129.png,89
1446121172005629.png,90
1446121172130630.png,91
1446121172318132.png,92
1446121172505634.png,93
1446121172630637.png,94
1446121172818140.png,95
1446121173005637.png,96
1446121173130637.png,97
1446121173318138.png,98
1446121173380638.png,99
1446121173630642.png,100
1446121173818144.png,101
1446121173943144.png,102
1446121174130646.png,103
1446121174318149.png,104
1446121174443150.png,105
1446121174630651.png,106
1446121174818153.png,107
1446121174880655.png,108
1446121175130656.png,109
1446121175443159.png,110
1446121175505660.png,111
1446121175755662.png,112
1446121175943166.png,113
1446121176130667.png,114
1446121176193168.png,115
1446121176443172.png,116
1446121176630674.png,117
1446121176818177.png,118
1446121177005692.png,119
1446121177255681.png,120
1446121177443181.png,121
1446121177505681.png,122
1446121177693184.png,123
1446121177943187.png,124
1446121178130691.png,125
1446121178318190.png,126
1446121178505693.png,127
1446121178693198.png,128
1446121178943197.png,129
1446121179005697.png,130
1446121179193199.png,131
1446121179505705.png,132
1446121179693205.png,133
1446121179943211.png,134
1446121180130709.png,135
1446121180318211.png,136
1446121180505712.png,137
1446121180693218.png,138
1446121180505712.png,139
1446121180943216.png,140
1446121181255718.png,141
1446121181380719.png,142
1446121181693222.png,143
1446121181880724.png,144
1446121182130725.png,145
1446121182318243.png,146
1446121182505731.png,147
1446121182818233.png,148
1446121183005735.png,149
1446121183193241.png,150
1446121183505740.png,151
1446121183818243.png,152
1446121183943242.png,153
1446121184193247.png,154
1446121184443249.png,155
1446121184693249.png,156
1446121184943251.png,157
1446121185130753.png,158
1446121185443258.png,159
1446121185630758.png,160
1446121185943261.png,161
1446121186130764.png,162
1446121186318266.png,163
1446121186630767.png,164
1446121186818268.png,165
1446121187005769.png,166
1446121187193270.png,167
1446121187505774.png,168
1446121187693277.png,169
1446121187943277.png,170
1446121188130778.png,171
1446121188318279.png,172
1446121188505779.png,173
1446121188818281.png,174
1446121189005782.png,175
1446121189193283.png,176
1446121189380786.png,177
1446121189630790.png,178
1446121189818294.png,179
1446121190005790.png,180
1446121190255793.png,181
1446121190443295.png,182
1446121190630800.png,183
1446121190818301.png,184
1446121191005801.png,185
1446121191193303.png,186
1446121191505806.png,187
1446121191755809.png,188
1446121191943316.png,189
1446121192130813.png,190
1446121192318315.png,191
1446121192505817.png,192
1446121192818321.png,193
1446121193005823.png,194
1446121193318324.png,195
1446121193505826.png,196
1446121193943342.png,197
1446121194130829.png,198
1446121194505832.png,199
1446121194818335.png,200
1446121195130837.png,201
1446121195443357.png,202
1446121195693344.png,203
1446121196005847.png,204
1446121196630853.png,205
1446121197193360.png,206
1446121208005965.png,207
1446121211005994.png,208
1446121212818509.png,209
1446121213381014.png,210
1446121213943519.png,211
1446121214256023.png,212
1446121214631027.png,213
1446121214881029.png,214
1446121215256033.png,215
1446121215506037.png,216
1446121215818538.png,217
1446121216193540.png,218
1446121216443542.png,219
1446121216631045.png,220
1446121216943548.png,221
1446121217131050.png,222
1446121217318551.png,223
1446121217506057.png,224
1446121217693556.png,225
1446121217943558.png,226
1446121218131061.png,227
1446121218318563.png,228
1446121218506064.png,229
1446121218818567.png,230
1446121219006069.png,231
1446121219193571.png,232
1446121219443572.png,233
1446121219631078.png,234
1446121219818575.png,235
1446121220131079.png,236
1446121220318578.png,237
1446121220506081.png,238
1446121220693584.png,239
1446121220943585.png,240
1446121221131083.png,241
1446121221318585.png,242
1446121221506087.png,243
1446121221693589.png,244
1446121221943590.png,245
1446121222131093.png,246
1446121222318594.png,247
1446121222506096.png,248
1446121222693598.png,249
1446121222881099.png,250
1446121223193603.png,251
1446121223443604.png,252
1446121223631105.png,253
1446121223818606.png,254
1446121224006106.png,255
1446121224193611.png,256
1446121224443611.png,257
1446121224631111.png,258
1446121224818619.png,259
1446121225006116.png,260
1446121225256118.png,261
1446121225443620.png,262
1446121225693623.png,263
1446121225943626.png,264
1446121226131142.png,265
1446121226318630.png,266
1446121226506131.png,267
1446121226693635.png,268
1446121227006136.png,269
1446121227193639.png,270
1446121227443643.png,271
1446121227631144.png,272
1446121227818645.png,273
1446121228131147.png,274
1446121228318649.png,275
1446121228568654.png,276
1446121228693652.png,277
1446121228943654.png,278
1446121229131157.png,279
1446121229318658.png,280
1446121229631161.png,281
1446121229943665.png,282
1446121230131167.png,283
1446121230381170.png,284
1446121230443671.png,285
1446121230631172.png,286
1446121230818674.png,287
1446121231006177.png,288
1446121231318680.png,289
1446121230881175.png,290
1446121231506182.png,291
1446121231818685.png,292
1446121232131189.png,293
1446121232443692.png,294
1446121232818709.png,295
1446121233256201.png,296
1446121233631217.png,297
1446121234506212.png,298
1446121236131228.png,299
1446121238131247.png,300
1446121239631253.png,301
1446121240193759.png,302
1446121240818764.png,303
1446121241256270.png,304
1446121241631271.png,305
1446121242006273.png,306
1446121242443779.png,307
1446121242818782.png,308
1446123367214697.png,309
1446123367339698.png,310
1446123367527201.png,311
1446123367652202.png,312
1446123367714702.png,313
1446123367902204.png,314
1446123368027205.png,315
1446123368214707.png,316
1446123368339708.png,317
1446123368527211.png,318
1446123368589710.png,319
1446123368839713.png,320
1446121249006344.png,321
1446123369152217.png,322
1446123369339718.png,323
1446123369402218.png,324
1446123369589723.png,325
1446121247756334.png,326
1446123369527222.png,327
1446123369714725.png,328
1446121250818861.png,329
1446123370027225.png,330
1446123370339729.png,331
1446123370652233.png,332
1446123370714733.png,333
1446123370902235.png,334
1446123371089738.png,335
1446123371339740.png,336
1446123371527243.png,337
1446123371714744.png,338
1446123371902245.png,339
1446123372089746.png,340
1446123372339747.png,341
1446123372527249.png,342
1446123372839752.png,343
1446123373027258.png,344
1446123373214757.png,345
1446121255131405.png,346
1446123373714762.png,347
1446121255631410.png,348
1446121255818912.png,349
1446121256006413.png,350
1446121256193919.png,351
1446121256443922.png,352
1446121256693922.png,353
1446121256818923.png,354
1446121257131427.png,355
1446121257318928.png,356
1446121257631429.png,357
1446121257943932.png,358
1446121258131431.png,359
1446121258318932.png,360
1446123377027295.png,361
1446123377277297.png,362
1446121259006438.png,363
1446123377714801.png,364
1446121259506440.png,365
1446123378339807.png,366
1446121259943944.png,367
1446123378839812.png,368
1446121260318946.png,369
1446123379339816.png,370
1446123379527318.png,371
1446123379839822.png,372
1446123380214826.png,373
1446123380402328.png,374
1446123380214826.png,375
1446123380402328.png,376
1446123380714829.png,377
1446123381027333.png,378
1446123381277335.png,379
1446123381527338.png,380
1446123381839841.png,381
1446123382152344.png,382
1446123382464849.png,383
1446123382652351.png,384
1446123382902353.png,385
1446123383339859.png,386
1446123383652362.png,387
1446123383902368.png,388
1446123384027367.png,389
1446123384152368.png,390
1446123384402373.png,391
1446123384339870.png,392
1446123384402373.png,393
1446123384527372.png,394
1446123384714874.png,395
1446123384839876.png,396
1446121265006491.png,397
1446123384839876.png,398
1446123385152378.png,399
1446123385277379.png,400
1446123385464881.png,401
1446123385527380.png,402
1446123385714881.png,403
1446121265818999.png,404
1446123386089884.png,405
1446123385839880.png,406
1446121266006501.png,407
1446121266131501.png,408
1446123386089884.png,409
1446121266131501.png,410
1446121266194003.png,411
1446121266319004.png,412
1446121266444005.png,413
1446121266506506.png,414
1446123387089892.png,415
1446123387339895.png,416
1446123387089892.png,417
1446123387402396.png,418
1446121267006510.png,419
1446121267131524.png,420
1446121267006510.png,421
1446121267131524.png,422
1446121267194010.png,423
1446121267319012.png,424
1446121267444013.png,425
1446121267569014.png,426
1446121267631516.png,427
1446121267569014.png,428
1446121267694015.png,429
1446121267881517.png,430
1446123388902416.png,431
1446121268131520.png,432
1446123389214916.png,433
1446121268319022.png,434
1446121268444024.png,435
1446121268506524.png,436
1446123389839923.png,437
1446123389902424.png,438
1446123390152430.png,439
1446123390214930.png,440
1446121269131529.png,441
1446123390214930.png,442
1446123390527432.png,443
1446123390777435.png,444
1446123390714934.png,445
1446123390777435.png,446
1446123391027437.png,447
1446123391089938.png,448
1446121269819037.png,449
1446123391464942.png,450
1446123391652444.png,451
1446123391464942.png,452
1446123391714945.png,453
1446123391652444.png,454
1446121270319042.png,455
1446123392027453.png,456
1446123392089953.png,457
1446123392339976.png,458
1446123392464953.png,459
1446123392589955.png,460
1446123392714957.png,461
1446123392902474.png,462
1446123393027460.png,463
1446123393277463.png,464
1446123393339964.png,465
1446123393402464.png,466
1446123393589981.png,467
1446123393714968.png,468
1446123393902469.png,469
1446123394027471.png,470
1446123394214972.png,471
1446121272444063.png,472
1446123394527476.png,473
1446123394652481.png,474
1446123394839979.png,475
1446123394902480.png,476
1446123395089981.png,477
1446123394902480.png,478
1446123395339984.png,479
1446123395277483.png,480
1446123395339984.png,481
1446123395527485.png,482
1446123395714987.png,483
1446123395839989.png,484
1446123395902492.png,485
1446123396089990.png,486
1446123393402464.png,487
1446123395089981.png,488
1446123396089990.png,489
1446123392902474.png,490
1446123396214992.png,491
1446123396402494.png,492
1446123396589995.png,493
1446123396714997.png,494
1446123396589995.png,495
1446123396839998.png,496
1446123397027503.png,497
1446123397152505.png,498
1446123397277503.png,499
1446123397402505.png,500
1446123397590008.png,501
1446123397840008.png,502
1446123397965009.png,503
1446123398152512.png,504
1446123398215015.png,505
1446123398402517.png,506
1446123398652517.png,507
1446123398527516.png,508
1446123398652517.png,509
1446123398777519.png,510
1446123399027521.png,511
1446123399152519.png,512
1446123399340025.png,513
1446123399527523.png,514
1446123399652522.png,515
1446123399840023.png,516
1446123399902523.png,517
1446123400090025.png,518
1446123400215027.png,519
1446123400465030.png,520
1446123400527530.png,521
1446123400715031.png,522
1446123400840034.png,523
1446123401027533.png,524
1446123401215033.png,525
1446123401340037.png,526
1446123401527536.png,527
1446123401590038.png,528
1446123401840038.png,529
1446123401590038.png,530
1446123402027541.png,531
1446123402090040.png,532
1446123402340044.png,533
1446123402402549.png,534
1446123402652549.png,535
1446123402840051.png,536
1446123402902551.png,537
1446123403090056.png,538
1446123403402556.png,539
1446123403340056.png,540
1446123403402556.png,541
1446123403652561.png,542
1446123403840065.png,543
1446123404152563.png,544
1446123403902564.png,545
1446123404402566.png,546
1446123404340064.png,547
1446123404652566.png,548
1446123404715067.png,549
1446123404902569.png,550
1446123405152571.png,551
1446123405215075.png,552
1446123405402574.png,553
1446123405590078.png,554
1446123405715078.png,555
1446123405902580.png,556
1446123406027581.png,557
1446123406215084.png,558
1446123406402586.png,559
1446123406527587.png,560
1446123406715089.png,561
1446123406777593.png,562
1446123407027593.png,563
1446123407090093.png,564
1446123407340097.png,565
1446123407527600.png,566
1446123407652600.png,567
1446123407840102.png,568
1446123407902606.png,569
1446123408090105.png,570
1446123408215107.png,571
1446123408402609.png,572
1446123408590111.png,573
1446123408715113.png,574
1446123408902615.png,575
1446121285194181.png,576
1446121285381682.png,577
1446123409027616.png,578
1446121285631685.png,579
1446121285819187.png,580
1446121286006689.png,581
1446121286256692.png,582
1446121286506696.png,583
1446121286256692.png,584
1446121286506696.png,585
1446121286694197.png,586
1446121286881698.png,587
1446121287256703.png,588
1446121287444205.png,589
1446121287756710.png,590
1446121288006711.png,591
1446121288319214.png,592
1446121288694219.png,593
1446121289006722.png,594
1446121289569226.png,595
1446121290694235.png,596
1446121297506807.png,597
1446121290006728.png,598
1446121299631821.png,599
1446121298944319.png,600
1446121300131823.png,601
1446121300506827.png,602
1446121301319336.png,603
1446121301944340.png,604
1446121302506860.png,605
1446121303194354.png,606
1446121303819361.png,607
1446121302881850.png,608
1446121304506870.png,609
1446121305256877.png,610
1446121306319387.png,611
1446121308631910.png,612
1446121376382562.png,613
1446121377570064.png,614
1446121378195069.png,615
1446121378695074.png,616
1446121379195081.png,617
1446121379507584.png,618
1446121379945089.png,619
1446121380195092.png,620
1446121379945089.png,621
1446121380195092.png,622
1446121380445110.png,623
1446121380695097.png,624
1446121380945099.png,625
1446121381132601.png,626
1446121381382604.png,627
1446121381632607.png,628
1446121381945112.png,629
1446121382132612.png,630
1446121382320116.png,631
1446121382507617.png,632
1446121382695119.png,633
1446121382882622.png,634
1446121383007626.png,635
1446121383195124.png,636
1446121383445127.png,637
1446121383507628.png,638
1446121383757631.png,639
1446121383945136.png,640
1446121384132636.png,641
1446121384320137.png,642
1446121384632640.png,643
1446121384820147.png,644
1446121384945144.png,645
1446121385132646.png,646
1446121385320149.png,647
1446121385570151.png,648
1446121385695151.png,649
1446121385820153.png,650
1446121386132660.png,651
1446121386195156.png,652
1446121386570160.png,653
1446121386632660.png,654
1446121386820160.png,655
1446121387007660.png,656
1446121387132662.png,657
1446121387320162.png,658
1446121387632663.png,659
1446121387820165.png,660
1446121388132666.png,661
1446121388320169.png,662
1446121388507670.png,663
1446121388820173.png,664
1446121389007673.png,665
1446121389320180.png,666
1446121389507679.png,667
1446121389695183.png,668
1446122028201496.png,669
1446122028201496.png,670
1446121390570190.png,671
1446121390820193.png,672
1446121391195195.png,673
1446121391507699.png,674
1446121391757702.png,675
1446121392070203.png,676
1446121392320205.png,677
1446121392632710.png,678
1446121392945212.png,679
1446121393320218.png,680
1446121393632723.png,681
1446121393945221.png,682
1446121394195224.png,683
1446121394507727.png,684
1446121394695230.png,685
1446121394945232.png,686
1446121395132736.png,687
1446121395320236.png,688
1446121395632740.png,689
1446121395820240.png,690
1446121396007741.png,691
1446121396195243.png,692
1446121396445246.png,693
1446121396695249.png,694
1446121396945252.png,695
1446121397132754.png,696
1446121397320256.png,697
1446121397632759.png,698
1446121397820261.png,699
1446121398007763.png,700
1446121398257767.png,701
1446121398445271.png,702
1446121398632768.png,703
1446121398820268.png,704
1446121399007773.png,705
1446121399195272.png,706
1446121399445275.png,707
1446121399632779.png,708
1446122020326419.png,709
1446122020013915.png,710
1446122019701413.png,711
1446121400320284.png,712
1446121400507785.png,713
1446121400695287.png,714
1446121400820290.png,715
1446121401007790.png,716
1446121399507776.png,717
1446121401132793.png,718
1446121401257793.png,719
1446121401445295.png,720
1446121401632797.png,721
1446121401695298.png,722
1446121401945299.png,723
1446121402007800.png,724
1446121402195302.png,725
1446121402320304.png,726
1446121402445306.png,727
1446121402632810.png,728
1446121402695307.png,729
1446121402945309.png,730
1446121403007810.png,731
1446121403132815.png,732
1446121403320313.png,733
1446121403445314.png,734
1446122012638842.png,735
1446121403695316.png,736
1446122011513835.png,737
1446122010826332.png,738
1446122009951327.png,739
1446121995138667.png,740
1446121993951160.png,741
1446121993326156.png,742
1446121992826154.png,743
1446121992388651.png,744
1446121992013651.png,745
1446121405132834.png,746
1446121991451140.png,747
1446121991138638.png,748
1446121990888637.png,749
1446121990638634.png,750
1446121990451133.png,751
1446121990201128.png,752
1446121989951125.png,753
1446121989701125.png,754
1446121989513621.png,755
1446121989326120.png,756
1446121406695347.png,757
1446121988826130.png,758
1446121988638612.png,759
1446121988451111.png,760
1446121988201107.png,761
1446121407445357.png,762
1446121987951108.png,763
1446121987701103.png,764
1446121987513601.png,765
1446121987326101.png,766
1446121987138597.png,767
1446121986951094.png,768
1446121986826094.png,769
1446121986638591.png,770
1446121986451092.png,771
1446121986201086.png,772
1446121986138585.png,773
1446121986951094.png,774
1446121987638603.png,775
1446121985951098.png,776
1446121985701082.png,777
1446121985513578.png,778
1446121985451077.png,779
1446121985263575.png,780
1446121409945381.png,781
1446121984951072.png,782
1446121984701069.png,783
1446121984638568.png,784
1446121984388565.png,785
1446121984326066.png,786
1446121984138562.png,787
1446121984013561.png,788
1446121983826058.png,789
1446121983763559.png,790
1446121983513555.png,791
1446121983451054.png,792
1446121983388553.png,793
1446121983138551.png,794
1446121983013549.png,795
1446121982888547.png,796
1446121982701045.png,797
1446121982638545.png,798
1446121982451043.png,799
1446121982326045.png,800
1446121982201039.png,801
1446121982013539.png,802
1446121981951037.png,803
1446121981826040.png,804
1446121981701034.png,805
1446121981513534.png,806
1446121981388531.png,807
1446121981201030.png,808
1446121981138527.png,809
1446121981013527.png,810
1446121980826025.png,811
1446121980701025.png,812
1446121980638524.png,813
1446121980451026.png,814
1446121980326022.png,815
1446121980138522.png,816
1446121980013520.png,817
1446121979826020.png,818
1446121979701034.png,819
1446121979513519.png,820
1446121979451018.png,821
1446121979201020.png,822
1446121979138519.png,823
1446121978951015.png,824
1446121978826012.png,825
1446121978638510.png,826
1446121978513509.png,827
1446121978326007.png,828
1446121978201005.png,829
1446121978013503.png,830
1446121977951001.png,831
1446121978013503.png,832
1446121977826000.png,833
1446121977638500.png,834
1446121977513500.png,835
1446121977325995.png,836
1446121977138492.png,837
1446121418007955.png,838
1446121976825989.png,839
1446121976638489.png,840
1446121976513488.png,841
1446121976325983.png,842
1446121418945464.png,843
1446121419132965.png,844
1446121419320469.png,845
1446121419507972.png,846
1446121419695473.png,847
1446121419945474.png,848
1446121420132977.png,849
1446121974888466.png,850
1446121974700964.png,851
1446121420632981.png,852
1446121420820483.png,853
1446121421007984.png,854
1446121974013457.png,855
1446121973825955.png,856
1446121973638454.png,857
1446121973388476.png,858
1446121973200950.png,859
1446121973138449.png,860
1446121972950947.png,861
1446121972700947.png,862
1446121972513444.png,863
1446121972325940.png,864
1446121972138440.png,865
1446121971950938.png,866
1446121971825935.png,867
1446121971638433.png,868
1446121971450933.png,869
1446121971200929.png,870
1446121971013441.png,871
1446121970825926.png,872
1446121970638425.png,873
1446121970575924.png,874
1446121970325921.png,875
1446121970138419.png,876
1446121969950919.png,877
1446121969700915.png,878
1446121969513414.png,879
1446121969325911.png,880
1446121427008057.png,881
1446121969013411.png,882
1446121968888411.png,883
1446121968638405.png,884
1446121968388401.png,885
1446121968200901.png,886
1446121968388401.png,887
1446121968200901.png,888
1446121968013400.png,889
1446121967950899.png,890
1446121967763397.png,891
1446121967513395.png,892
1446121967325893.png,893
1446121967138390.png,894
1446121966888387.png,895
1446121966700885.png,896
1446121966513382.png,897
1446121966325881.png,898
1446121431508089.png,899
1446121431820593.png,900
1446121432133095.png,901
1446121432508099.png,902
1446121432820601.png,903
1446121433258104.png,904
1446121432695598.png,905
1446121433445606.png,906
1446121433695623.png,907
1446121434133113.png,908
1446121434508118.png,909
1446121434945622.png,910
1446121435320627.png,911
1446121434945622.png,912
1446121435320627.png,913
1446121435820630.png,914
1446121436320636.png,915
1446121436883146.png,916
1446121437508150.png,917
1446121438445656.png,918
1446121447820755.png,919
1446121448945766.png,920
1446121449633272.png,921
1446121450195778.png,922
1446121450633285.png,923
1446121451008286.png,924
1446121451445790.png,925
1446121451695796.png,926
1446121452133298.png,927
1446121452445800.png,928
1446121452820804.png,929
1446121453133307.png,930
1446121453570811.png,931
1446121453820813.png,932
1446121454258314.png,933
1446121454508315.png,934
1446121454820817.png,935
1446121455133318.png,936
1446121455508334.png,937
1446121455820824.png,938
1446121456133327.png,939
1446121456383329.png,940
1446121456633331.png,941
1446121456945834.png,942
1446121457258338.png,943
1446121457445839.png,944
1446121457695841.png,945
1446121458070846.png,946
1446121458195846.png,947
1446121458445849.png,948
1446121458695853.png,949
1446121458945853.png,950
1446121459133358.png,951
1446121459445859.png,952
1446121459633360.png,953
1446121459820863.png,954
1446121460008365.png,955
1446121460195867.png,956
1446121460445870.png,957
1446121460633374.png,958
1446121460820873.png,959
1446121461133374.png,960
1446121461320878.png,961
1446121461508379.png,962
1446121461695881.png,963
1446121461945883.png,964
1446121462133386.png,965
1446121462320887.png,966
1446121462508389.png,967
1446121462758392.png,968
1446121462820892.png,969
1446121463008394.png,970
1446121463195896.png,971
1446121463445904.png,972
1446121463633401.png,973
1446121463758403.png,974
1446121463945905.png,975
1446121464133404.png,976
1446121464320921.png,977
1446121464383406.png,978
1446121464633410.png,979
1446121464945912.png,980
1446121465195914.png,981
1446121465445917.png,982
1446121465633418.png,983
1446121465820921.png,984
1446121466008423.png,985
1446121466258425.png,986
1446121466445927.png,987
1446121466633430.png,988
1446121466820930.png,989
1446121467008447.png,990
1446121467195935.png,991
1446121467445937.png,992
1446121467633439.png,993
1446121467820942.png,994
1446121468008444.png,995
1446121468195944.png,996
1446121468445949.png,997
1446121468508447.png,998
1446121468695950.png,999
1446121468945952.png,1000
1446121469133454.png,1001
1446121469320955.png,1002
1446121469508458.png,1003
1446121469695961.png,1004
1446121469945962.png,1005
1446121470133463.png,1006
1446121470320965.png,1007
1446121470633469.png,1008
1446121470820971.png,1009
1446121470883474.png,1010
1446121471133475.png,1011
1446121471320976.png,1012
1446121471508480.png,1013
1446121471758481.png,1014
1446121471945981.png,1015
1446121472133483.png,1016
1446121472320984.png,1017
1446121472570989.png,1018
1446121472695988.png,1019
1446121472945991.png,1020
1446121473008492.png,1021
1446121473258495.png,1022
1446121473445997.png,1023
1446121473633498.png,1024
1446121473821000.png,1025
1446121474008501.png,1026
1446121474196003.png,1027
1446121474446006.png,1028
1446121474633508.png,1029
1446121474696009.png,1030
1446121474946012.png,1031
1446121475133514.png,1032
1446121475321016.png,1033
1446121475508518.png,1034
1446121475633520.png,1035
1446121475821022.png,1036
1446121476008524.png,1037
1446121476196026.png,1038
1446121476321027.png,1039
1446121476508529.png,1040
1446121476821033.png,1041
1446121476946034.png,1042
1446121477133536.png,1043
1446121477321039.png,1044
1446121477508541.png,1045
1446121477696056.png,1046
1446121477946046.png,1047
1446121478258549.png,1048
1446121478321050.png,1049
1446121478571053.png,1050
1446121478758552.png,1051
1446121478821053.png,1052
1446121479071054.png,1053
1446121479196055.png,1054
1446121479321057.png,1055
1446121479508559.png,1056
1446121479758562.png,1057
1446121479946064.png,1058
1446121480008565.png,1059
1446121480258569.png,1060
1446121480383570.png,1061
1446121480696072.png,1062
1446121480821073.png,1063
1446121481008571.png,1064
1446121481258573.png,1065
1446121481446075.png,1066
1446121481508574.png,1067
1446121481696076.png,1068
1446121482133580.png,1069
1446121481946080.png,1070
1446121482133580.png,1071
1446121482196081.png,1072
1446121482446085.png,1073
1446121482696086.png,1074
1446121482946088.png,1075
1446121483133590.png,1076
1446121483321092.png,1077
1446121483633596.png,1078
1446121483821098.png,1079
1446121484008600.png,1080
1446121484196101.png,1081
1446121484446104.png,1082
1446121484696108.png,1083
1446121484946111.png,1084
1446121485133626.png,1085
1446121485321112.png,1086
1446121485508614.png,1087
1446121485821117.png,1088
1446121486008619.png,1089
1446121486258625.png,1090
1446121486446125.png,1091
1446121486696132.png,1092
1446121871449941.png,1093
1446121870887435.png,1094
1446121870324929.png,1095
1446121487758642.png,1096
1446121488133644.png,1097
1446121488383647.png,1098
1446121488696150.png,1099
1446121489008654.png,1100
1446121489446159.png,1101
1446121489758662.png,1102
1446121490133665.png,1103
1446121490508668.png,1104
1446121491008674.png,1105
1446121491508679.png,1106
1446121492008685.png,1107
1446121492508691.png,1108
1446121860137328.png,1109
1446121859824829.png,1110
1446121859637324.png,1111
1446121859324819.png,1112
1446121859137316.png,1113
1446121523633989.png,1114
1446121524008994.png,1115
1446121524321496.png,1116
1446121524633999.png,1117
1446121857949811.png,1118
1446121525321510.png,1119
1446121525634011.png,1120
1446121525946515.png,1121
1446121858012307.png,1122
1446121526009016.png,1123
1446121856824793.png,1124
1446121856512291.png,1125
1446121856199787.png,1126
1446121855949785.png,1127
1446121855637284.png,1128
1446121855324782.png,1129
1446121528134034.png,1130
1446121528384038.png,1131
1446121528696541.png,1132
1446121528946548.png,1133
1446121529259045.png,1134
1446121529509048.png,1135
1446121529759050.png,1136
1446121530009054.png,1137
1446121530196555.png,1138
1446121530509056.png,1139
1446121530696560.png,1140
1446121530946565.png,1141
1446121531134062.png,1142
1446121531196563.png,1143
1446121529509048.png,1144
1446121531384065.png,1145
1446121531634068.png,1146
1446121531821571.png,1147
1446121532009072.png,1148
1446121532196588.png,1149
1446121532446575.png,1150
1446121532634077.png,1151
1446121532821579.png,1152
1446121533071582.png,1153
1446121533196585.png,1154
1446121533384087.png,1155
1446121533634087.png,1156
1446121533821590.png,1157
1446121534009091.png,1158
1446121534321595.png,1159
1446121534134107.png,1160
1446121534321595.png,1161
1446121534509098.png,1162
1446121534696600.png,1163
1446121534884102.png,1164
1446121535134104.png,1165
1446121535321604.png,1166
1446121535509107.png,1167
1446121535634107.png,1168
1446121535821609.png,1169
1446121536009113.png,1170
1446121536196617.png,1171
1446121536384116.png,1172
1446121536509120.png,1173
1446121536696622.png,1174
1446121536821621.png,1175
1446121537009125.png,1176
1446121537134124.png,1177
1446121537321632.png,1178
1446121537446628.png,1179
1446121537321632.png,1180
1446121537446628.png,1181
1446121537634130.png,1182
1446121537696634.png,1183
1446121537946648.png,1184
1446121538009135.png,1185
1446121538196638.png,1186
1446121538321638.png,1187
1446121538509140.png,1188
1446121538634142.png,1189
1446121538821644.png,1190
1446121538946645.png,1191
1446121539134148.png,1192
1446121539196648.png,1193
1446121539446651.png,1194
1446121539509152.png,1195
1446121539696654.png,1196
1446121539821656.png,1197
1446121540071658.png,1198
1446121540196660.png,1199
1446121540321662.png,1200
1446121540509163.png,1201
1446121540634165.png,1202
1446121540821667.png,1203
1446121541009169.png,1204
1446121541134171.png,1205
1446121541321672.png,1206
1446121541509175.png,1207
1446121541696677.png,1208
1446121541946680.png,1209
1446121542009181.png,1210
1446121542321688.png,1211
1446121542571684.png,1212
1446121542634186.png,1213
1446121542821688.png,1214
1446121543009186.png,1215
1446121543134187.png,1216
1446121543321688.png,1217
1446121543446689.png,1218
1446121543634189.png,1219
1446121543821691.png,1220
1446121543946695.png,1221
1446121544134194.png,1222
1446121544321697.png,1223
1446121544384194.png,1224
1446121544634200.png,1225
1446121544696698.png,1226
1446121544946699.png,1227
1446121545009200.png,1228
1446121545259202.png,1229
1446121545446705.png,1230
1446121545509205.png,1231
1446121544009195.png,1232
1446121545634207.png,1233
1446121545696708.png,1234
1446121545946711.png,1235
1446121545696708.png,1236
1446121546009212.png,1237
1446121546134213.png,1238
1446121546321716.png,1239
1446121546509220.png,1240
1446121546634219.png,1241
1446121546821721.png,1242
1446121547009223.png,1243
1446121547134224.png,1244
1446121547321726.png,1245
1446121547446728.png,1246
1446121547634230.png,1247
1446121547821732.png,1248
1446121547946734.png,1249
1446121548134236.png,1250
1446121548321738.png,1251
1446121548009234.png,1252
1446121548446740.png,1253
1446121548196737.png,1254
1446121548446740.png,1255
1446121548634242.png,1256
1446121548821744.png,1257
1446121548946745.png,1258
1446121549134248.png,1259
1446121549321750.png,1260
1446121549384252.png,1261
1446121549634252.png,1262
1446121549821753.png,1263
1446121549946753.png,1264
1446121550134256.png,1265
1446121550259255.png,1266
1446121550446755.png,1267
1446121550634257.png,1268
1446121550696758.png,1269
1446121550884259.png,1270
1446121551134260.png,1271
1446121551259264.png,1272
1446121550884259.png,1273
1446121551446763.png,1274
1446121551509263.png,1275
1446121551759267.png,1276
1446121551821767.png,1277
1446121552009269.png,1278
1446121552196771.png,1279
1446121552321772.png,1280
1446121552509276.png,1281
1446121552634276.png,1282
1446121552821779.png,1283
1446121552946779.png,1284
1446121553009280.png,1285
1446121553259283.png,1286
1446121553321784.png,1287
1446121553509286.png,1288
1446121553634287.png,1289
1446121553884290.png,1290
1446121553946795.png,1291
1446121554134293.png,1292
1446121554196794.png,1293
1446121554446797.png,1294
1446121554509297.png,1295
1446121554634299.png,1296
1446121554696799.png,1297
1446121554946802.png,1298
1446121555009303.png,1299
1446121555134304.png,1300
1446121555321814.png,1301
1446121555446808.png,1302
1446121555509309.png,1303
1446121555634310.png,1304
1446121555821813.png,1305
1446121555946815.png,1306
1446121556134318.png,1307
1446121556196819.png,1308
1446121556321820.png,1309
1446121556509319.png,1310
1446121556634318.png,1311
1446121556821819.png,1312
1446121557009321.png,1313
1446121557134337.png,1314
1446121557196827.png,1315
1446121557384324.png,1316
1446121557509326.png,1317
1446121557696828.png,1318
1446121557946831.png,1319
1446121558009332.png,1320
1446121558259335.png,1321
1446121558321837.png,1322
1446121557696828.png,1323
1446121558509338.png,1324
1446121558696840.png,1325
1446121558821842.png,1326
1446121559009344.png,1327
1446121559196846.png,1328
1446121559321847.png,1329
1446121559509352.png,1330
1446121559759352.png,1331
1446121559946852.png,1332
1446121560134354.png,1333
1446121560321856.png,1334
1446121560509357.png,1335
1446121560696860.png,1336
1446121560946860.png,1337
1446121561134364.png,1338
1446121561446866.png,1339
1446121561634367.png,1340
1446121561821868.png,1341
1446121562134370.png,1342
1446121562446874.png,1343
1446121562634375.png,1344
1446121562821877.png,1345
1446121563009379.png,1346
1446121563321881.png,1347
1446121563509382.png,1348
1446121563696884.png,1349
1446121563946887.png,1350
1446121564134388.png,1351
1446121564321891.png,1352
1446121564446893.png,1353
1446121564634394.png,1354
1446121564821898.png,1355
1446121565009399.png,1356
1446121565196901.png,1357
1446121565321902.png,1358
1446121565509404.png,1359
1446121565696907.png,1360
1446121565946909.png,1361
1446121566071911.png,1362
1446121566259415.png,1363
1446121566446915.png,1364
1446121566634418.png,1365
1446121566884421.png,1366
1446121567134423.png,1367
1446121567321926.png,1368
1446121567446927.png,1369
1446121567634430.png,1370
1446121567821934.png,1371
1446121568009434.png,1372
1446121568196936.png,1373
1446121568384438.png,1374
1446121568134435.png,1375
1446121568509445.png,1376
1446121568696942.png,1377
1446121568821943.png,1378
1446121569009445.png,1379
1446121569259448.png,1380
1446121569446951.png,1381
1446121569634453.png,1382
1446121569821955.png,1383
1446121570009458.png,1384
1446121570196963.png,1385
1446121570384462.png,1386
1446121570509465.png,1387
1446121570696965.png,1388
1446121570946965.png,1389
1446121571009464.png,1390
1446121571321965.png,1391
1446121571571966.png,1392
1446121571696966.png,1393
1446121571821968.png,1394
1446121572009468.png,1395
1446121572196970.png,1396
1446121572446972.png,1397
1446121572634476.png,1398
1446121572821975.png,1399
1446121573009477.png,1400
1446121573196979.png,1401
1446121573384481.png,1402
1446121573634484.png,1403
1446121573821987.png,1404
1446121574009490.png,1405
1446121574259491.png,1406
1446121574446993.png,1407
1446121574634510.png,1408
1446121574821998.png,1409
1446121574884499.png,1410
1446121575134502.png,1411
1446121575322004.png,1412
1446121575509506.png,1413
1446121575759509.png,1414
1446121575947012.png,1415
1446121576134513.png,1416
1446121576322014.png,1417
1446121576572018.png,1418
1446121576822019.png,1419
1446121577009518.png,1420
1446121577259521.png,1421
1446121577447021.png,1422
1446121577634523.png,1423
1446121577822025.png,1424
1446121578009527.png,1425
1446121578197029.png,1426
1446121578447032.png,1427
1446121578634535.png,1428
1446121578822036.png,1429
1446121579009538.png,1430
1446121579197040.png,1431
1446121579447043.png,1432
1446121579634542.png,1433
1446121579822045.png,1434
1446121580009549.png,1435
1446121580197050.png,1436
1446121580447052.png,1437
1446121580697053.png,1438
1446121580947056.png,1439
1446121581134558.png,1440
1446121581384561.png,1441
1446121581197058.png,1442
1446121581509567.png,1443
1446121581697065.png,1444
1446121581947067.png,1445
1446121582134571.png,1446
1446121582322072.png,1447
1446121582509574.png,1448
1446121582697076.png,1449
1446121582884579.png,1450
1446121583134579.png,1451
1446121583322081.png,1452
1446121583509582.png,1453
1446121583759583.png,1454
1446121583947085.png,1455
1446121584134587.png,1456
1446121584322090.png,1457
1446121584572093.png,1458
1446121584822095.png,1459
1446121584634595.png,1460
1446121584822095.png,1461
1446121585009596.png,1462
1446121584759594.png,1463
1446121585134598.png,1464
1446121585322100.png,1465
1446121585509602.png,1466
1446121585822106.png,1467
1446121586134609.png,1468
1446121586322111.png,1469
1446121586509614.png,1470
1446121586697116.png,1471
1446121586947120.png,1472
1446121587259648.png,1473
1446121587447124.png,1474
1446121587634626.png,1475
1446121587134620.png,1476
1446121587697128.png,1477
1446121587947131.png,1478
1446121588134632.png,1479
1446121588322135.png,1480
1446121588509637.png,1481
1446121588697139.png,1482
1446121588947142.png,1483
1446121589134649.png,1484
1446121589322146.png,1485
1446121589509652.png,1486
1446121589697150.png,1487
1446121589947156.png,1488
1446121590134659.png,1489
1446121590322157.png,1490
1446121590509660.png,1491
1446121590697162.png,1492
1446121590884666.png,1493
1446121591134666.png,1494
1446121591447174.png,1495
1446121591197169.png,1496
1446121591572173.png,1497
1446121591322168.png,1498
1446121591634672.png,1499
1446121591447174.png,1500
1446121591634672.png,1501
1446121591822177.png,1502
1446121592009675.png,1503
1446121592134676.png,1504
1446121592447178.png,1505
1446121592697181.png,1506
1446121592947180.png,1507
1446121593009680.png,1508
1446121593259682.png,1509
1446121593447182.png,1510
1446121593634684.png,1511
1446121593697183.png,1512
1446121593947187.png,1513
1446121594134686.png,1514
1446121594322188.png,1515
1446121594447189.png,1516
1446121594634691.png,1517
1446121594822193.png,1518
1446121594947195.png,1519
1446121595134697.png,1520
1446121595322199.png,1521
1446121595447201.png,1522
1446121595634703.png,1523
1446121595822219.png,1524
1446121595947207.png,1525
1446121596134709.png,1526
1446121596197209.png,1527
1446121596447211.png,1528
1446121596634714.png,1529
1446121596822216.png,1530
1446121596947217.png,1531
1446121597134719.png,1532
1446121597322222.png,1533
1446121597509723.png,1534
1446121597634725.png,1535
1446121597822227.png,1536
1446121598009729.png,1537
1446121598259732.png,1538
1446121598447234.png,1539
1446121598634736.png,1540
1446121598822239.png,1541
1446121599197256.png,1542
1446121599447246.png,1543
1446121599822250.png,1544
1446121599509746.png,1545
1446121599822250.png,1546
1446121600009752.png,1547
1446121600322256.png,1548
1446121600509759.png,1549
1446121600822262.png,1550
1446121601009765.png,1551
1446121601322265.png,1552
1446121601572265.png,1553
1446121601697266.png,1554
1446121601947267.png,1555
1446121602197268.png,1556
1446121602447270.png,1557
1446121602634773.png,1558
1446121602822272.png,1559
1446121603009779.png,1560
1446121603322279.png,1561
1446121603509780.png,1562
1446121603697282.png,1563
1446121603947285.png,1564
1446121604134801.png,1565
1446121604447288.png,1566
1446121604634793.png,1567
1446121604822292.png,1568
1446121605134798.png,1569
1446121605384799.png,1570
1446121605697303.png,1571
1446121606009806.png,1572
1446121606384811.png,1573
1446121606634814.png,1574
1446121606884817.png,1575
1446121607259821.png,1576
1446121607509824.png,1577
1446121607947329.png,1578
1446121607509824.png,1579
1446121607822327.png,1580
1446121608134831.png,1581
1446121608322333.png,1582
1446121608134831.png,1583
1446121608322333.png,1584
1446121608634837.png,1585
1446121608822339.png,1586
1446121609134844.png,1587
1446121609384842.png,1588
1446121609759845.png,1589
1446121609947349.png,1590
1446121610134850.png,1591
1446121610384852.png,1592
1446121610509853.png,1593
1446121610822357.png,1594
1446121611009858.png,1595
1446121611197361.png,1596
1446121611447364.png,1597
1446121611634870.png,1598
1446121611822372.png,1599
1446121612009871.png,1600
1446121612197372.png,1601
1446121612447373.png,1602
1446121612697376.png,1603
1446121612947379.png,1604
1446121613134880.png,1605
1446121613322382.png,1606
1446121613509884.png,1607
1446121613697385.png,1608
1446121613947388.png,1609
1446121614134904.png,1610
1446121614259892.png,1611
1446121614447394.png,1612
1446121614634898.png,1613
1446121614822399.png,1614
1446121614884899.png,1615
1446121615134902.png,1616
1446121615322418.png,1617
1446121615572406.png,1618
1446121615322418.png,1619
1446121615634906.png,1620
1446121615759907.png,1621
1446121615947408.png,1622
1446121616134909.png,1623
1446121616322411.png,1624
1446121616384910.png,1625
1446121616697412.png,1626
1446121616947415.png,1627
1446121617134917.png,1628
1446121617447417.png,1629
1446121617634921.png,1630
1446121617822421.png,1631
1446121618134926.png,1632
1446121618322428.png,1633
1446121618509930.png,1634
1446121617822421.png,1635
1446121618759931.png,1636
1446121619009933.png,1637
1446121619197435.png,1638
1446121619509940.png,1639
1446121619822442.png,1640
1446121620134945.png,1641
1446121620447451.png,1642
1446121620947455.png,1643
1446121622259975.png,1644
1446121633447578.png,1645
1446121634322587.png,1646
1446121634947592.png,1647
1446121635510096.png,1648
1446121636010106.png,1649
1446121636510107.png,1650
1446121636947610.png,1651
1446121637385116.png,1652
1446121637697619.png,1653
1446121638010124.png,1654
1446121638260125.png,1655
1446121638635128.png,1656
1446121638885131.png,1657
1446121639197633.png,1658
1446121639572637.png,1659
1446121639947641.png,1660
1446121639572637.png,1661
1446121640010144.png,1662
1446121640385147.png,1663
1446121640697648.png,1664
1446121641010152.png,1665
1446121641322655.png,1666
1446121641635158.png,1667
1446121642010162.png,1668
1446121642322665.png,1669
1446121642697669.png,1670
1446121643010170.png,1671
1446121643322674.png,1672
1446121643635178.png,1673
1446121643822680.png,1674
1446121644135184.png,1675
1446121644447686.png,1676
1446121644822688.png,1677
1446121645010190.png,1678
1446121645197693.png,1679
1446121645510195.png,1680
1446121645697698.png,1681
1446121645947700.png,1682
1446121646322703.png,1683
1446121646510206.png,1684
1446121646697709.png,1685
1446121646010202.png,1686
1446121646822711.png,1687
1446121647010211.png,1688
1446121647197712.png,1689
1446121647510216.png,1690
1446121647822744.png,1691
1446121648010221.png,1692
1446121648197724.png,1693
1446121648385226.png,1694
1446121648635229.png,1695
1446121648822731.png,1696
1446121649010233.png,1697
1446121649260238.png,1698
1446121649447739.png,1699
1446121649635241.png,1700
1446121649822745.png,1701
1446121650010246.png,1702
1446121650197750.png,1703
1446121650447751.png,1704
1446121650635252.png,1705
1446121650822755.png,1706
1446121651072773.png,1707
1446121651197762.png,1708
1446121651447762.png,1709
1446121651635264.png,1710
1446121651447762.png,1711
1446121651822767.png,1712
1446121652010269.png,1713
1446121652197771.png,1714
1446121652447774.png,1715
1446121652635276.png,1716
1446121652947780.png,1717
1446121653135280.png,1718
1446121652822778.png,1719
1446121653197781.png,1720
1446121653072780.png,1721
1446121653322781.png,1722
1446121653135280.png,1723
1446121653385282.png,1724
1446121653635283.png,1725
1446121653822783.png,1726
1446121654010284.png,1727
1446121654260285.png,1728
1446121654572787.png,1729
1446121654822789.png,1730
1446121655010292.png,1731
1446121654447786.png,1732
1446121655135293.png,1733
1446121655447795.png,1734
1446121655760299.png,1735
1446121655947799.png,1736
1446121656135301.png,1737
1446121656322803.png,1738
1446121656510306.png,1739
1446121656697810.png,1740
1446121657010314.png,1741
1446121657260314.png,1742
1446121657447818.png,1743
1446121657635319.png,1744
1446121657822820.png,1745
1446121658135324.png,1746
1446121658322826.png,1747
1446121658510328.png,1748
1446121658697830.png,1749
1446121659135333.png,1750
1446121659322835.png,1751
1446121659510337.png,1752
1446121659697839.png,1753
1446121660135343.png,1754
1446121660322844.png,1755
1446121658510328.png,1756
1446121660510345.png,1757
1446121658447828.png,1758
1446121659010332.png,1759
1446121660635346.png,1760
1446121660447845.png,1761
1446121660635346.png,1762
1446121660822847.png,1763
1446121661135351.png,1764
1446121661322852.png,1765
1446121661510356.png,1766
1446121661697856.png,1767
1446121661947859.png,1768
1446121662260363.png,1769
1446121662447867.png,1770
1446121662635366.png,1771
1446121662822870.png,1772
1446121663010371.png,1773
1446121663260374.png,1774
1446121663510379.png,1775
1446121663822881.png,1776
1446121664135384.png,1777
1446121664322886.png,1778
1446121664635389.png,1779
1446121664947889.png,1780
1446121665260392.png,1781
1446121665572895.png,1782
1446121665822898.png,1783
1446121666260401.png,1784
1446121666697906.png,1785
1446121687823127.png,1786
1446121689260638.png,1787
1446121689823145.png,1788
1446121690323152.png,1789
1446121690823154.png,1790
1446121691198155.png,1791
1446121691635657.png,1792
1446121692010660.png,1793
1446121692448163.png,1794
1446121692635665.png,1795
1446121692948166.png,1796
1446121693135670.png,1797
1446121693385673.png,1798
1446121693635675.png,1799
1446121693823177.png,1800
1446121694010678.png,1801
1446121694323182.png,1802
1446121694573183.png,1803
1446121776949011.png,1804
1446121776699008.png,1805
1446121776386505.png,1806
1446121776136503.png,1807
1446121775761500.png,1808
1446121695823197.png,1809
1446121696010699.png,1810
1446121696198202.png,1811
1446121696385703.png,1812
1446121696760708.png,1813
1446121696948210.png,1814
1446121697135712.png,1815
1446121697448216.png,1816
1446121697260716.png,1817
1446121697510717.png,1818
1446121697323215.png,1819
1446121697635718.png,1820
1446121697823220.png,1821
1446121767948915.png,1822
1446121767511411.png,1823
1446121698510728.png,1824
1446121698698232.png,1825
1446121698948234.png,1826
1446121699198236.png,1827
1446121699448239.png,1828
1446121699698242.png,1829
1446121699948245.png,1830
1446121700198248.png,1831
1446121700510751.png,1832
1446121700698259.png,1833
1446121701010757.png,1834
1446121701323259.png,1835
1446121763448868.png,1836
1446121701823264.png,1837
1446121762948862.png,1838
1446121702323269.png,1839
1446121702635772.png,1840
1446121702823275.png,1841
1446121703198277.png,1842
1446121703510777.png,1843
1446121703760778.png,1844
1446121703948283.png,1845
1446121704135786.png,1846
1446121704323282.png,1847
1446121704510784.png,1848
1446121704823286.png,1849
1446121705010788.png,1850
1446121705260788.png,1851
1446121705448290.png,1852
1446121705635792.png,1853
1446121705823295.png,1854
1446121758261318.png,1855
1446121757948814.png,1856
1446121757636311.png,1857
1446121757323807.png,1858
1446121757011303.png,1859
1446121756698800.png,1860
1446121756448797.png,1861
1446121756136296.png,1862
1446121755698792.png,1863
1446121755448789.png,1864
1446121755136285.png,1865
1446121708448325.png,1866
1446121708635826.png,1867
1446121708948328.png,1868
1446121709135829.png,1869
1446121709323330.png,1870
1446121709510831.png,1871
1446121709885838.png,1872
1446121710010836.png,1873
1446121710260839.png,1874
1446121710635844.png,1875
1446121710885846.png,1876
1446121711135847.png,1877
1446121711448353.png,1878
1446121711760853.png,1879
1446121712010856.png,1880
1446121712323360.png,1881
1446121710698344.png,1882
1446121712385864.png,1883
1446121712635864.png,1884
1446121712948372.png,1885
1446121713135868.png,1886
1446121713448370.png,1887
1446121713635872.png,1888
1446121713823374.png,1889
1446121714135878.png,1890
1446121714323380.png,1891
1446121714510882.png,1892
1446121714760885.png,1893
1446121714948387.png,1894
1446121715198391.png,1895
1446121715448390.png,1896
1446121715635895.png,1897
1446121715948398.png,1898
1446121716135898.png,1899
1446121716448400.png,1900
1446121716635903.png,1901
1446121716823405.png,1902
1446121717010908.png,1903
1446121717323413.png,1904
1446121717510913.png,1905
1446121717698415.png,1906
1446121717510913.png,1907
1446121717698415.png,1908
1446121717948417.png,1909
1446121718135923.png,1910
1446121718323422.png,1911
1446121718573425.png,1912
1446121718698426.png,1913
1446121718885932.png,1914
1446121719135933.png,1915
1446121719323436.png,1916
1446121719510942.png,1917
1446121719760940.png,1918
1446121719948441.png,1919
1446121720135942.png,1920
1446121720323443.png,1921
1446121720510942.png,1922
1446121720698448.png,1923
1446121720948447.png,1924
1446121721135949.png,1925
1446121721323451.png,1926
1446121721510955.png,1927
1446121721698456.png,1928
1446121721948473.png,1929
1446121722135961.png,1930
1446121722448466.png,1931
1446121722635967.png,1932
1446121720698448.png,1933
1446121722635967.png,1934
1446121722823471.png,1935
1446121723010971.png,1936
1446121723198475.png,1937
1446121723448476.png,1938
1446121723698479.png,1939
1446121723948484.png,1940
1446121724198487.png,1941
1446121724510991.png,1942
1446121724948491.png,1943
1446121725198505.png,1944
1446121725510992.png,1945
1446121725823498.png,1946
1446121726260997.png,1947
1446121726636002.png,1948
1446121727011007.png,1949
1446121727636011.png,1950
1446121728198518.png,1951
1446121729511031.png,1952
1446121731698550.png,1953
1446121732636060.png,1954
1446121733136066.png,1955
1446121733386068.png,1956
1446121733823573.png,1957
1446121734136077.png,1958
1446121734511084.png,1959
1446121734698584.png,1960
1446121734886086.png,1961
1446121735198589.png,1962
1446121735448595.png,1963
1446121735761096.png,1964
1446121735948601.png,1965
1446121736136100.png,1966
1446121736386105.png,1967
1446121736636107.png,1968
1446121736948612.png,1969
1446121737136114.png,1970
1446121737448614.png,1971
1446121737698615.png,1972
1446121738136117.png,1973
1446121738323620.png,1974
1446121738636121.png,1975
1446121738948623.png,1976
1446121739198626.png,1977
1446121739448629.png,1978
1446121739698635.png,1979
1446121740011135.png,1980
1446121740323641.png,1981
1446121740636143.png,1982
1446121740948648.png,1983
1446121741198647.png,1984
1446121741511149.png,1985
1446121741698651.png,1986
1446121742011157.png,1987
1446121742323660.png,1988
1446121742636163.png,1989
1446121742823666.png,1990
1446121743136171.png,1991
1446121743448671.png,1992
1446121743761175.png,1993
1446121744011178.png,1994
1446121744323681.png,1995
1446121744511185.png,1996
1446121744823687.png,1997
1446121745136191.png,1998
1446121745448691.png,1999
1446121745761193.png,2000
1446121746011194.png,2001
1446121746448698.png,2002
1446121746698701.png,2003
1446121747011206.png,2004
1446121747323707.png,2005
1446121747636210.png,2006
1446121747948713.png,2007
1446121748198716.png,2008
1446121748636221.png,2009
1446121748948724.png,2010
1446121749198728.png,2011
1446121749511231.png,2012
1446121749823735.png,2013
1446121750136239.png,2014
1446121750511243.png,2015
1446121750823746.png,2016
1446121751136250.png,2017
1446121751448754.png,2018
1446121751136250.png,2019
1446121751698760.png,2020
1446121751948764.png,2021
1446121752198765.png,2022
1446121752511263.png,2023
1446121752823766.png,2024
1446121753261267.png,2025
1446121753511273.png,2026
1446121753823771.png,2027
1446121754323776.png,2028
1446121754636280.png,2029
1446121708198321.png,2030
1446121708010820.png,2031
1446121707823317.png,2032
1446121707635817.png,2033
1446121707448313.png,2034
1446121707198309.png,2035
1446121706948307.png,2036
1446121706698304.png,2037
1446121706510801.png,2038
1446121706323300.png,2039
1446121706510801.png,2040
1446121706323300.png,2041
1446121706135797.png,2042
1446121705948296.png,2043
1446121705698295.png,2044
1446121705510792.png,2045
1446121705385791.png,2046
1446121705135790.png,2047
1446121704948287.png,2048
1446121704698284.png,2049
1446121704385783.png,2050
1446121704198283.png,2051
1446121704010781.png,2052
1446121703823292.png,2053
1446121703510777.png,2054
1446121703323277.png,2055
1446121703010777.png,2056
1446121702698272.png,2057
1446121762511357.png,2058
1446121762886364.png,2059
1446121701948266.png,2060
1446121763323869.png,2061
1446121763636371.png,2062
1446121763948874.png,2063
1446121764136377.png,2064
1446121764448879.png,2065
1446121764698882.png,2066
1446121764948885.png,2067
1446121765198888.png,2068
1446121765386391.png,2069
1446121765698897.png,2070
1446121765948897.png,2071
1446121766323901.png,2072
1446121766698904.png,2073
1446121767011406.png,2074
1446121767448907.png,2075
1446121767761414.png,2076
1446121768136415.png,2077
1446121768386420.png,2078
1446121768823925.png,2079
1446121769323929.png,2080
1446121769948937.png,2081
1446121770948951.png,2082
1446121772448965.png,2083
1446121773136473.png,2084
1446121773761479.png,2085
1446121774261484.png,2086
1446121774698988.png,2087
1446121775136494.png,2088
1446121775511498.png,2089
1446121775824000.png,2090
1446121775323995.png,2091
1446121775949001.png,2092
1446121776199004.png,2093
1446121776386505.png,2094
1446121776699008.png,2095
1446121777011516.png,2096
1446121777261516.png,2097
1446121777574017.png,2098
1446121777699019.png,2099
1446121777949023.png,2100
1446121778136537.png,2101
1446121778449025.png,2102
1446121778636526.png,2103
1446121778824028.png,2104
1446121779011530.png,2105
1446121779324033.png,2106
1446121779511536.png,2107
1446121779824035.png,2108
1446121780136536.png,2109
1446121780324042.png,2110
1446121780511538.png,2111
1446121780699039.png,2112
1446121780949041.png,2113
1446121781136542.png,2114
1446121781324045.png,2115
1446121781511546.png,2116
1446121781699048.png,2117
1446121781824049.png,2118
1446121782011552.png,2119
1446121782261558.png,2120
1446121782449057.png,2121
1446121782699064.png,2122
1446121782886561.png,2123
1446121783136563.png,2124
1446121783324063.png,2125
1446121783511566.png,2126
1446121783761569.png,2127
1446121783949071.png,2128
1446121784199075.png,2129
1446121784386576.png,2130
1446121784636579.png,2131
1446121784699081.png,2132
1446121784949082.png,2133
1446121785136585.png,2134
1446121785324087.png,2135
1446121785574090.png,2136
1446121785699092.png,2137
1446121785949095.png,2138
1446121786136597.png,2139
1446121786199097.png,2140
1446121786449100.png,2141
1446121786636603.png,2142
1446121786699103.png,2143
1446121786949106.png,2144
1446121787136608.png,2145
1446121787324110.png,2146
1446121785574090.png,2147
1446121787324110.png,2148
1446121787511613.png,2149
1446121787699115.png,2150
1446121787511613.png,2151
1446121787699115.png,2152
1446121787949114.png,2153
1446121788011617.png,2154
1446121788199116.png,2155
1446121788449118.png,2156
1446121788636618.png,2157
1446121788824126.png,2158
1446121788949121.png,2159
1446121789136621.png,2160
1446121789324124.png,2161
1446121789511625.png,2162
1446121789699128.png,2163
1446121789949131.png,2164
1446121790136631.png,2165
1446121790324134.png,2166
1446121790449135.png,2167
1446121790636638.png,2168
1446121790824138.png,2169
1446121791011640.png,2170
1446121791199143.png,2171
1446121791511646.png,2172
1446121791761648.png,2173
1446121791949150.png,2174
1446121792136652.png,2175
1446121792324157.png,2176
1446121792636657.png,2177
1446121792699158.png,2178
1446121792636657.png,2179
1446121792699158.png,2180
1446121792949160.png,2181
1446121793136661.png,2182
1446121793449167.png,2183
1446121793636667.png,2184
1446121793824168.png,2185
1446121794011670.png,2186
1446121794199176.png,2187
1446121794449176.png,2188
1446121794636678.png,2189
1446121794824178.png,2190
1446121795011680.png,2191
1446121795199182.png,2192
1446121795511688.png,2193
1446121795699187.png,2194
1446121795949189.png,2195
1446121796136692.png,2196
1446121796324194.png,2197
1446121796511698.png,2198
1446121796699202.png,2199
1446121796949202.png,2200
1446121797136704.png,2201
1446121797324204.png,2202
1446121797511706.png,2203
1446121797699208.png,2204
1446121797949211.png,2205
1446121798136712.png,2206
1446121798324213.png,2207
1446121798636716.png,2208
1446121798824218.png,2209
1446121799011720.png,2210
1446121799199222.png,2211
1446121799449225.png,2212
1446121799761729.png,2213
1446121799949231.png,2214
1446121800199234.png,2215
1446121800386735.png,2216
1446121800636739.png,2217
1446121800824241.png,2218
1446121801011743.png,2219
1446121801261744.png,2220
1446121801449245.png,2221
1446121801636747.png,2222
1446121801824253.png,2223
1446121802074253.png,2224
1446121802199253.png,2225
1446121802449255.png,2226
1446121802636756.png,2227
1446121802824259.png,2228
1446121803136762.png,2229
1446121803324265.png,2230
1446121803511766.png,2231
1446121803699266.png,2232
1446121803949270.png,2233
1446121804136770.png,2234
1446121804324272.png,2235
1446121804511775.png,2236
1446121804699278.png,2237
1446121804949280.png,2238
1446121805136781.png,2239
1446121805324283.png,2240
1446121805511785.png,2241
1446121805699286.png,2242
1446121805949289.png,2243
1446121806136791.png,2244
1446121806324293.png,2245
1446121806511795.png,2246
1446121806699297.png,2247
1446121806886800.png,2248
1446121807136802.png,2249
1446121807324307.png,2250
1446121807511807.png,2251
1446121807761809.png,2252
1446121807949310.png,2253
1446121808136811.png,2254
1446121808324312.png,2255
1446121808511817.png,2256
1446121808699319.png,2257
1446121809011820.png,2258
1446121809261822.png,2259
1446121809449326.png,2260
1446121809636827.png,2261
1446121809824332.png,2262
1446121810011831.png,2263
1446121810199331.png,2264
1446121810449333.png,2265
1446121810636836.png,2266
1446121810824338.png,2267
1446121810949342.png,2268
1446121811136843.png,2269
1446121811324343.png,2270
1446121811511844.png,2271
1446121811761847.png,2272
1446121811824348.png,2273
1446121812074350.png,2274
1446121812199352.png,2275
1446121812449355.png,2276
1446121812511856.png,2277
1446121812761857.png,2278
1446121812824357.png,2279
1446121813011860.png,2280
1446121813136860.png,2281
1446121813324362.png,2282
1446121813511864.png,2283
1446121813699367.png,2284
1446121813949371.png,2285
1446121814136872.png,2286
1446121814386875.png,2287
1446121814449374.png,2288
1446121814636876.png,2289
1446121814824376.png,2290
1446121815011878.png,2291
1446121815136880.png,2292
1446121815324383.png,2293
1446121815574388.png,2294
1446121815199381.png,2295
1446121815699387.png,2296
1446121815824392.png,2297
1446121816011893.png,2298
1446121816199392.png,2299
1446121815949391.png,2300
1446121816386900.png,2301
1446121815824392.png,2302
1446121816386900.png,2303
1446121816699398.png,2304
1446121816949401.png,2305
1446121817261904.png,2306
1446121817449407.png,2307
1446121817699410.png,2308
1446121816636898.png,2309
1446121817824411.png,2310
1446121818324417.png,2311
1446121819011925.png,2312
1446121846012193.png,2313
1446121846887199.png,2314
1446121847449706.png,2315
1446121847949711.png,2316
1446121848324717.png,2317
1446121848699720.png,2318
1446121849137225.png,2319
1446121849449729.png,2320
1446121848824721.png,2321
1446121849512229.png,2322
1446121849824733.png,2323
1446121850199737.png,2324
1446121850512242.png,2325
1446121850824745.png,2326
1446121851012247.png,2327
1446121851324748.png,2328
1446121851637249.png,2329
1446121851824749.png,2330
1446121852137255.png,2331
1446121852449759.png,2332
1446121852637254.png,2333
1446121852949755.png,2334
1446121853199758.png,2335
1446121853387261.png,2336
1446121853699763.png,2337
1446121853949766.png,2338
1446121854199784.png,2339
1446121854762275.png,2340
1446121855012279.png,2341
1446121855199780.png,2342
1446121527759032.png,2343
1446121527509027.png,2344
1446121527196526.png,2345
1446121527009025.png,2346
1446121526696523.png,2347
1446121526446520.png,2348
1446121857012298.png,2349
1446121857262305.png,2350
1446121857449801.png,2351
1446121857699806.png,2352
1446121857449801.png,2353
1446121857824805.png,2354
1446121858012307.png,2355
1446121858199808.png,2356
1446121858449810.png,2357
1446121858699826.png,2358
1446121859012318.png,2359
1446121859324819.png,2360
1446121859637324.png,2361
1446121497321231.png,2362
1446121860137328.png,2363
1446121860324829.png,2364
1446121860637333.png,2365
1446121860949834.png,2366
1446121859512322.png,2367
1446121861012336.png,2368
1446121861324839.png,2369
1446121861637343.png,2370
1446121862012347.png,2371
1446121862512353.png,2372
1446121863449863.png,2373
1446121864824879.png,2374
1446121866137393.png,2375
1446121866949902.png,2376
1446121867512408.png,2377
1446121868199912.png,2378
1446121869012417.png,2379
1446121487508636.png,2380
1446121487196134.png,2381
1446121487071134.png,2382
1446121486821129.png,2383
1446121486633628.png,2384
1446121872199949.png,2385
1446121872512452.png,2386
1446121872949954.png,2387
1446121873262458.png,2388
1446121873637462.png,2389
1446121873949966.png,2390
1446121874324970.png,2391
1446121874637472.png,2392
1446121875012477.png,2393
1446121875199977.png,2394
1446121875449979.png,2395
1446121875699982.png,2396
1446121875949985.png,2397
1446121876199988.png,2398
1446121876449995.png,2399
1446121876637492.png,2400
1446121876824993.png,2401
1446121877012494.png,2402
1446121877387499.png,2403
1446121877700001.png,2404
1446121877950005.png,2405
1446121878262511.png,2406
1446121878512511.png,2407
1446121878825015.png,2408
1446121879137519.png,2409
1446121879450022.png,2410
1446121879512522.png,2411
1446121879825026.png,2412
1446121880012530.png,2413
1446121879450022.png,2414
1446121880137530.png,2415
1446121880325033.png,2416
1446121880512534.png,2417
1446121880825040.png,2418
1446121881012540.png,2419
1446121881262544.png,2420
1446121881450046.png,2421
1446121881700048.png,2422
1446121881950051.png,2423
1446121882137553.png,2424
1446121882450059.png,2425
1446121882637561.png,2426
1446121881825050.png,2427
1446121882825061.png,2428
1446121883137565.png,2429
1446121883325066.png,2430
1446121883512566.png,2431
1446121883825067.png,2432
1446121884012568.png,2433
1446121884325070.png,2434
1446121884512572.png,2435
1446121884700073.png,2436
1446121885012576.png,2437
1446121885325078.png,2438
1446121885512581.png,2439
1446121885825084.png,2440
1446121886012586.png,2441
1446121886325090.png,2442
1446121886512592.png,2443
1446121886825108.png,2444
1446121887200096.png,2445
1446121887512599.png,2446
1446121887950104.png,2447
1446121888200120.png,2448
1446121888512610.png,2449
1446121888950112.png,2450
1446121889262617.png,2451
1446121889637619.png,2452
1446121890137626.png,2453
1446121890512629.png,2454
1446121890825132.png,2455
1446121891137635.png,2456
1446121891387639.png,2457
1446121891637639.png,2458
1446121891825143.png,2459
1446121892137645.png,2460
1446121892450149.png,2461
1446121893012653.png,2462
1446121893512659.png,2463
1446121894137664.png,2464
1446121894887672.png,2465
1446121895637682.png,2466
1446121896200188.png,2467
1446121897012697.png,2468
1446121897450201.png,2469
1446121897700207.png,2470
1446121898012708.png,2471
1446121898450226.png,2472
1446121898700215.png,2473
1446121899012718.png,2474
1446121899325225.png,2475
1446121899512725.png,2476
1446121898825217.png,2477
1446121896700192.png,2478
1446121899700226.png,2479
1446121900012732.png,2480
1446121900200232.png,2481
1446121900512738.png,2482
1446121900825253.png,2483
1446121901012740.png,2484
1446121900825253.png,2485
1446121901200240.png,2486
1446121900950238.png,2487
1446121901200240.png,2488
1446121901512742.png,2489
1446121901825243.png,2490
1446121902137760.png,2491
1446121902387749.png,2492
1446121902637750.png,2493
1446121902825250.png,2494
1446121903137754.png,2495
1446121903450257.png,2496
1446121903637760.png,2497
1446121903950264.png,2498
1446121904262767.png,2499
1446121904387768.png,2500
1446121904700272.png,2501
1446121905012779.png,2502
1446121905262781.png,2503
1446121905512781.png,2504
1446121905700289.png,2505
1446121906012788.png,2506
1446121905700289.png,2507
1446121906012788.png,2508
1446121906450293.png,2509
1446121906137790.png,2510
1446121906512794.png,2511
1446121906825297.png,2512
1446121907012802.png,2513
1446121907325327.png,2514
1446121907637807.png,2515
1446121907825309.png,2516
1446121908137812.png,2517
1446121908450316.png,2518
1446121908700319.png,2519
1446121909075322.png,2520
1446121909200325.png,2521
1446121909575325.png,2522
1446121909700327.png,2523
1446121910012829.png,2524
1446121910387829.png,2525
1446121910637834.png,2526
1446121910825334.png,2527
1446121911137834.png,2528
1446121911450337.png,2529
1446121911762838.png,2530
1446121911950341.png,2531
1446121912262847.png,2532
1446121912512846.png,2533
1446121912950351.png,2534
1446121913262855.png,2535
1446121913512858.png,2536
1446121913825362.png,2537
1446121914012864.png,2538
1446121914325367.png,2539
1446121914637871.png,2540
1446121914950375.png,2541
1446121915137877.png,2542
1446121915450381.png,2543
1446121915700387.png,2544
1446121916012890.png,2545
1446121916200391.png,2546
1446121916512893.png,2547
1446121916825400.png,2548
1446121917012897.png,2549
1446121917325397.png,2550
1446121917637900.png,2551
1446121917950402.png,2552
1446121918137902.png,2553
1446121918450408.png,2554
1446121918700408.png,2555
1446121918887910.png,2556
1446121919200414.png,2557
1446121919512917.png,2558
1446121919762919.png,2559
1446121920012922.png,2560
1446121920325424.png,2561
1446121920637931.png,2562
1446121920825430.png,2563
1446121921137934.png,2564
1446121921450436.png,2565
1446121921637939.png,2566
1446121921950442.png,2567
1446121922137943.png,2568
1446121922450447.png,2569
1446121922700448.png,2570
1446121922950453.png,2571
1446121923200454.png,2572
1446121923450472.png,2573
1446121923825461.png,2574
1446121924137963.png,2575
1446121924325464.png,2576
1446121924637970.png,2577
1446121924950475.png,2578
1446121925137975.png,2579
1446121925387978.png,2580
1446121925700485.png,2581
1446121925950483.png,2582
1446121926262991.png,2583
1446121926700495.png,2584
1446121926325505.png,2585
1446121926825494.png,2586
1446121924200463.png,2587
1446121927325510.png,2588
1446121927763000.png,2589
1446121928388004.png,2590
1446121930200525.png,2591
1446121931450537.png,2592
1446121932200543.png,2593
1446121932888052.png,2594
1446121933263055.png,2595
1446121933638059.png,2596
1446121933950562.png,2597
1446121934200566.png,2598
1446121934638068.png,2599
1446121934888073.png,2600
1446121935138087.png,2601
1446121935450576.png,2602
1446121935825583.png,2603
1446121936013085.png,2604
1446121936325585.png,2605
1446121936513088.png,2606
1446121936825588.png,2607
1446121937013092.png,2608
1446121937325594.png,2609
1446121937513097.png,2610
1446121937825603.png,2611
1446121938013104.png,2612
1446121938325605.png,2613
1446121938513108.png,2614
1446121938700608.png,2615
1446121939013110.png,2616
1446121939200611.png,2617
1446121939513114.png,2618
1446121939700619.png,2619
1446121939950619.png,2620
1446121940200621.png,2621
1446121940513125.png,2622
1446121940325623.png,2623
1446121940513125.png,2624
1446121940700627.png,2625
1446121941013132.png,2626
1446121941200634.png,2627
1446121941388133.png,2628
1446121941638136.png,2629
1446121941950640.png,2630
1446121942138142.png,2631
1446121942325647.png,2632
1446121942513146.png,2633
1446121942700651.png,2634
1446121943013151.png,2635
1446121943200655.png,2636
1446121943450657.png,2637
1446121943638159.png,2638
1446121944075665.png,2639
1446121944200665.png,2640
1446121944388167.png,2641
1446121944700674.png,2642
1446121944950673.png,2643
1446121945138176.png,2644
1446121945450679.png,2645
1446121945638182.png,2646
1446121945825684.png,2647
1446121946013184.png,2648
1446121946325684.png,2649
1446121946513185.png,2650
1446121946950690.png,2651
1446121947138190.png,2652
1446121947325692.png,2653
1446121947638196.png,2654
1446121947825699.png,2655
1446121948013201.png,2656
1446121948325703.png,2657
1446121948513209.png,2658
1446121948700708.png,2659
1446121949013210.png,2660
1446121949200711.png,2661
1446121949513215.png,2662
1446121949700717.png,2663
1446121950013220.png,2664
1446121950263222.png,2665
1446121950513225.png,2666
1446121950700727.png,2667
1446121951013231.png,2668
1446121951200735.png,2669
1446121951575737.png,2670
1446121951825741.png,2671
1446121952138243.png,2672
1446121952388245.png,2673
1446121952700747.png,2674
1446121953138252.png,2675
1446121953638257.png,2676
1446121954075765.png,2677
1446121961325832.png,2678
1446121962200840.png,2679
1446121962950848.png,2680
1446121963325852.png,2681
1446121963825857.png,2682
1446121964200860.png,2683
1446121964513365.png,2684
1446121964700870.png,2685
1446121965013370.png,2686
1446121965325876.png,2687
1446121432320596.png,2688
1446121431945592.png,2689
1446121965138372.png,2690
1446121431820593.png,2691
1446121431445593.png,2692
1446121431820593.png,2693
1446121431195587.png,2694
1446121431633093.png,2695
1446121431195587.png,2696
1446121430820585.png,2697
1446121430445579.png,2698
1446121429820574.png,2699
1446121429508068.png,2700
1446121429008062.png,2701
1446121428695559.png,2702
1446121428445556.png,2703
1446121428133054.png,2704
1446121427820550.png,2705
1446121427508048.png,2706
1446121427320546.png,2707
1446121427008057.png,2708
1446121969325911.png,2709
1446121969513414.png,2710
1446121969700915.png,2711
1446121969825919.png,2712
1446121970013419.png,2713
1446121425695530.png,2714
1446121970325921.png,2715
1446121970575924.png,2716
1446121970638425.png,2717
1446121425008023.png,2718
1446121424820520.png,2719
1446121424695522.png,2720
1446121424508018.png,2721
1446121424195515.png,2722
1446121424008013.png,2723
1446121424320516.png,2724
1446121424008013.png,2725
1446121423945513.png,2726
1446121423758010.png,2727
1446121423508009.png,2728
1446121423445521.png,2729
1446121423258006.png,2730
1446121423133004.png,2731
1446121422883002.png,2732
1446121422820503.png,2733
1446121422695500.png,2734
1446121972825945.png,2735
1446121422445500.png,2736
1446121422320498.png,2737
1446121973200950.png,2738
1446121973325953.png,2739
1446121973388476.png,2740
1446121421695491.png,2741
1446121421632992.png,2742
1446121973825955.png,2743
1446121421320502.png,2744
1446121974138459.png,2745
1446121421007984.png,2746
1446121974325963.png,2747
1446121420695507.png,2748
1446121420507979.png,2749
1446121974825966.png,2750
1446121420257976.png,2751
1446121420132977.png,2752
1446121420007975.png,2753
1446121419820474.png,2754
1446121419695473.png,2755
1446121975513474.png,2756
1446121419445470.png,2757
1446121975825979.png,2758
1446121419132965.png,2759
1446121976138482.png,2760
1446121976200981.png,2761
1446121418695470.png,2762
1446121976513488.png,2763
1446121976638489.png,2764
1446121976825989.png,2765
1446121976950990.png,2766
1446121977138492.png,2767
1446121976950990.png,2768
1446121977138492.png,2769
1446121977325995.png,2770
1446121977450998.png,2771
1446121977638500.png,2772
1446121977700999.png,2773
1446121977951001.png,2774
1446121978013503.png,2775
1446121978201005.png,2776
1446121978326007.png,2777
1446121978513509.png,2778
1446121978138504.png,2779
1446121978513509.png,2780
1446121978638510.png,2781
1446121978701010.png,2782
1446121978951015.png,2783
1446121979013515.png,2784
1446121979201020.png,2785
1446121979326017.png,2786
1446121979513519.png,2787
1446121979638519.png,2788
1446121979701034.png,2789
1446121979951021.png,2790
1446121980013520.png,2791
1446121980138522.png,2792
1446121978826012.png,2793
1446121980326022.png,2794
1446121980451026.png,2795
1446121980513528.png,2796
1446121980701025.png,2797
1446121980826025.png,2798
1446121980951026.png,2799
1446121981138527.png,2800
1446121981201030.png,2801
1446121981013527.png,2802
1446121981326031.png,2803
1446121981388531.png,2804
1446121981513534.png,2805
1446121981701034.png,2806
1446121981826040.png,2807
1446121981951037.png,2808
1446121982013539.png,2809
1446121982138539.png,2810
1446121982201039.png,2811
1446121982451043.png,2812
1446121982638545.png,2813
1446121982701045.png,2814
1446121982888547.png,2815
1446121983013549.png,2816
1446121983201052.png,2817
1446121982513545.png,2818
1446121983388553.png,2819
1446121983451054.png,2820
1446121983513555.png,2821
1446121983638556.png,2822
1446121983826058.png,2823
1446121983951060.png,2824
1446121984138562.png,2825
1446121984201063.png,2826
1446121984326066.png,2827
1446121984388565.png,2828
1446121984638568.png,2829
1446121984701069.png,2830
1446121984826070.png,2831
1446121984951072.png,2832
1446121985138573.png,2833
1446121985263575.png,2834
1446121985326076.png,2835
1446121985513578.png,2836
1446121985638579.png,2837
1446121985701082.png,2838
1446121985951098.png,2839
1446121986013584.png,2840
1446121986138585.png,2841
1446121986326087.png,2842
1446121986451092.png,2843
1446121986513590.png,2844
1446121408507867.png,2845
1446121986951094.png,2846
1446121987013596.png,2847
1446121408132865.png,2848
1446121987326101.png,2849
1446121987513601.png,2850
1446121407632857.png,2851
1446121407507857.png,2852
1446121407445357.png,2853
1446121987951108.png,2854
1446121407320353.png,2855
1446121407195351.png,2856
1446121988513611.png,2857
1446121988701113.png,2858
1446121406820349.png,2859
1446121406695347.png,2860
1446121989201118.png,2861
1446121989388621.png,2862
1446121989638622.png,2863
1446121989826125.png,2864
1446121990013626.png,2865
1446121990201128.png,2866
1446121990513630.png,2867
1446121405507834.png,2868
1446121405320334.png,2869
1446121991826144.png,2870
1446121404945328.png,2871
1446121404695342.png,2872
1446121404632825.png,2873
1446121404445326.png,2874
1446121404195323.png,2875
1446121404132821.png,2876
1446121403945318.png,2877
1446122011888838.png,2878
1446121403632815.png,2879
1446122012951344.png,2880
1446122013388848.png,2881
1446122012951344.png,2882
1446122013388848.png,2883
1446121403132815.png,2884
1446122014326357.png,2885
1446121402820309.png,2886
1446122015326368.png,2887
1446121402445306.png,2888
1446122016013877.png,2889
1446121402132802.png,2890
1446122016638883.png,2891
1446122016951389.png,2892
1446122017138888.png,2893
1446122017451388.png,2894
1446122017701392.png,2895
1446122017951421.png,2896
1446122018201398.png,2897
1446122018513917.png,2898
1446122018701403.png,2899
1446122017513892.png,2900
1446122018951406.png,2901
1446122019138909.png,2902
1446122019451410.png,2903
1446122019701413.png,2904
1446122020013915.png,2905
1446122020326419.png,2906
1446122020638922.png,2907
1446122020951426.png,2908
1446122021138926.png,2909
1446122021388930.png,2910
1446122021701431.png,2911
1446122021951434.png,2912
1446122022201436.png,2913
1446122022451442.png,2914
1446122022638943.png,2915
1446122022888944.png,2916
1446122023201446.png,2917
1446122023451448.png,2918
1446122023638950.png,2919
1446122023951453.png,2920
1446122024138956.png,2921
1446122024326457.png,2922
1446122024513958.png,2923
1446122024701474.png,2924
1446122025013964.png,2925
1446122025263967.png,2926
1446122025451474.png,2927
1446122025638973.png,2928
1446122025951475.png,2929
1446122026138979.png,2930
1446122026451479.png,2931
1446122026701481.png,2932
1446122027013984.png,2933
1446122027326491.png,2934
1446122027638990.png,2935
1446122027951495.png,2936
1446121390445189.png,2937
1446122028451499.png,2938
1446122028639003.png,2939
1446122028826502.png,2940
1446122029139004.png,2941
1446122029326507.png,2942
1446122029514008.png,2943
1446122029701511.png,2944
1446122029951512.png,2945
1446122030139015.png,2946
1446122030201515.png,2947
1446122030451518.png,2948
1446122030639020.png,2949
1446122030826522.png,2950
1446122031014025.png,2951
1446122031201526.png,2952
1446123428402806.png,2953
1446122029701511.png,2954
1446122030826522.png,2955
1446122029951512.png,2956
1446123428402806.png,2957
1446123428652806.png,2958
1446123428902810.png,2959
1446123429152812.png,2960
1446123429402816.png,2961
1446123429590317.png,2962
1446123429902821.png,2963
1446122032701547.png,2964
1446123430402828.png,2965
1446123430715330.png,2966
1446123431027835.png,2967
1446122033576553.png,2968
1446122033701554.png,2969
1446122033951555.png,2970
1446122034139056.png,2971
1446122034326559.png,2972
1446122034514059.png,2973
1446122034701561.png,2974
1446122034951564.png,2975
1446122035139066.png,2976
1446122035326569.png,2977
1446122035451570.png,2978
1446122035639072.png,2979
1446122035826576.png,2980
1446122036014079.png,2981
1446122036201579.png,2982
1446122036326580.png,2983
1446122036514082.png,2984
1446122036701585.png,2985
1446122036951588.png,2986
1446122037139090.png,2987
1446122037201590.png,2988
1446122037389093.png,2989
1446122037639096.png,2990
1446122037826597.png,2991
1446122038014099.png,2992
1446122038201602.png,2993
1446122038451605.png,2994
1446122038639107.png,2995
1446122038826611.png,2996
1446122039139112.png,2997
1446123440840425.png,2998
1446123441152928.png,2999
1446123441402929.png,3000
1446123441590430.png,3001
1446123441902931.png,3002
1446122040264126.png,3003
1446122040389126.png,3004
1446122040639129.png,3005
1446122040826631.png,3006
1446122041076632.png,3007
1446123443402949.png,3008
1446123443652952.png,3009
1446123443902955.png,3010
1446123444090457.png,3011
1446123444402962.png,3012
1446123444652963.png,3013
1446123444840467.png,3014
1446123445027968.png,3015
1446123445277971.png,3016
1446123445527973.png,3017
1446123445840477.png,3018
1446123446090480.png,3019
1446123446340481.png,3020
1446123446527982.png,3021
1446123446777982.png,3022
1446123447027999.png,3023
1446123447340486.png,3024
1446122044951663.png,3025
1446122045139163.png,3026
1446122045389167.png,3027
1446122045639170.png,3028
1446122045826670.png,3029
1446123448903003.png,3030
1446123449215505.png,3031
1446123449528007.png,3032
1446123449715509.png,3033
1446123450028026.png,3034
1446122047201683.png,3035
1446122047451688.png,3036
1446122047639188.png,3037
1446122047826690.png,3038
1446122048139193.png,3039
1446122048326697.png,3040
1446122048514198.png,3041
1446122048701700.png,3042
1446123452403039.png,3043
1446123452653042.png,3044
1446122049451711.png,3045
1446122049576713.png,3046
1446123453403048.png,3047
1446123453715552.png,3048
1446123453903054.png,3049
1446123454215558.png,3050
1446123454528061.png,3051
1446123454715564.png,3052
1446123455028070.png,3053
1446123455340569.png,3054
1446123455528070.png,3055
1446122051951733.png,3056
1446122052139238.png,3057
1446122052451737.png,3058
1446122052701739.png,3059
1446122053014243.png,3060
1446122052639240.png,3061
1446122053014243.png,3062
1446122053201745.png,3063
1446122053389246.png,3064
1446122053701750.png,3065
1446122053389246.png,3066
1446122053826750.png,3067
1446122053514247.png,3068
1446122053951754.png,3069
1446122054139254.png,3070
1446122054451756.png,3071
1446122054701761.png,3072
1446122054514257.png,3073
1446122054889261.png,3074
1446122055139264.png,3075
1446122053701750.png,3076
1446122055014262.png,3077
1446122055201765.png,3078
1446123459653111.png,3079
1446122055764271.png,3080
1446123460090615.png,3081
1446123460403122.png,3082
1446123460715623.png,3083
1446122056576781.png,3084
1446123461215628.png,3085
1446123461528133.png,3086
1446123461840636.png,3087
1446122057514304.png,3088
1446123462340641.png,3089
1446123462653146.png,3090
1446122058201796.png,3091
1446122058451797.png,3092
1446122058639298.png,3093
1446122058951802.png,3094
1446122059139304.png,3095
1446122059451804.png,3096
1446122059639309.png,3097
1446122059951811.png,3098
1446122060139317.png,3099
1446122060451816.png,3100
1446122060639321.png,3101
1446123465528165.png,3102
1446122061139325.png,3103
1446123466028173.png,3104
1446123466340674.png,3105
1446123466528179.png,3106
1446123466840679.png,3107
1446123467028183.png,3108
1446123467403188.png,3109
1446123467715693.png,3110
1446123467903195.png,3111
1446123468215698.png,3112
1446123468715700.png,3113
1446123468403199.png,3114
1446123468840702.png,3115
1446123469028199.png,3116
1446123469278203.png,3117
1446123469528204.png,3118
1446123469840721.png,3119
1446123470028209.png,3120
1446123470278212.png,3121
1446123470528215.png,3122
1446123470715719.png,3123
1446123470903219.png,3124
1446123471215722.png,3125
1446123471403224.png,3126
1446123471715728.png,3127
1446123471903230.png,3128
1446123472278250.png,3129
1446123472465736.png,3130
1446123472840737.png,3131
1446123473153243.png,3132
1446123473403243.png,3133
1446123473840747.png,3134
1446123474215751.png,3135
1446123474715754.png,3136
1446122069764408.png,3137
1446122070201913.png,3138
1446122077826997.png,3139
1446122088014592.png,3140
1446122088702096.png,3141
1446122089264607.png,3142
1446122089577106.png,3143
1446122090014610.png,3144
1446122090452114.png,3145
1446122090702129.png,3146
1446122091014618.png,3147
1446122091452123.png,3148
1446122091702125.png,3149
1446122092014628.png,3150
1446122092202131.png,3151
1446122092514634.png,3152
1446122092702143.png,3153
1446122093014641.png,3154
1446122093327161.png,3155
1446122093514646.png,3156
1446122093827149.png,3157
1446122094139654.png,3158
1446122094452156.png,3159
1446122094702160.png,3160
1446122094889662.png,3161
1446122095202166.png,3162
1446122095514670.png,3163
1446122095764672.png,3164
1446122095952174.png,3165
1446122096202179.png,3166
1446122096514682.png,3167
1446122096827186.png,3168
1446122097139686.png,3169
1446122097452185.png,3170
1446122097827187.png,3171
1446122098202189.png,3172
1446122098639693.png,3173
1446122099014702.png,3174
1446122099327202.png,3175
1446122099639704.png,3176
1446122099827205.png,3177
1446122100202210.png,3178
1446122100514713.png,3179
1446122100702218.png,3180
1446122101014719.png,3181
1446122101202221.png,3182
1446122101514725.png,3183
1446122101827228.png,3184
1446122102014731.png,3185
1446122102327235.png,3186
1446122102639738.png,3187
1446122101577225.png,3188
1446122102514736.png,3189
1446122102827240.png,3190
1446122103014742.png,3191
1446122103202245.png,3192
1446122103452247.png,3193
1446122103639749.png,3194
1446122103827251.png,3195
1446122104014755.png,3196
1446122104202255.png,3197
1446122104389757.png,3198
1446122104577261.png,3199
1446122104827263.png,3200
1446122105014765.png,3201
1446122105264767.png,3202
1446122105452269.png,3203
1446122105577271.png,3204
1446122105889775.png,3205
1446122106014773.png,3206
1446122106202274.png,3207
1446122106452276.png,3208
1446122106639777.png,3209
1446122106827292.png,3210
1446122107014779.png,3211
1446122107202280.png,3212
1446122107452282.png,3213
1446122107639787.png,3214
1446122107827287.png,3215
1446122108139791.png,3216
1446122108452294.png,3217
1446122108639796.png,3218
1446122108952300.png,3219
1446122109264804.png,3220
1446122109389807.png,3221
1446122109702307.png,3222
1446122109952313.png,3223
1446122110139809.png,3224
1446122110327316.png,3225
1446122110514814.png,3226
1446122110827315.png,3227
1446122111014817.png,3228
1446122111202320.png,3229
1446122111014817.png,3230
1446122111202320.png,3231
1446122111452323.png,3232
1446122111764826.png,3233
1446122112014829.png,3234
1446122112202331.png,3235
1446122112514835.png,3236
1446122112827340.png,3237
1446122113139844.png,3238
1446122113327342.png,3239
1446122113577343.png,3240
1446122113827347.png,3241
1446122114014848.png,3242
1446122114327352.png,3243
1446122114514854.png,3244
1446122114889859.png,3245
1446122114514854.png,3246
1446122114889859.png,3247
1446122115014861.png,3248
1446122115327364.png,3249
1446122115514866.png,3250
1446122115827370.png,3251
1446122116014873.png,3252
1446122116202375.png,3253
1446122116639879.png,3254
1446122116889882.png,3255
1446122117139884.png,3256
1446122117327387.png,3257
1446122117514888.png,3258
1446122117702388.png,3259
1446122118014892.png,3260
1446122118264893.png,3261
1446122118514894.png,3262
1446122118702395.png,3263
1446122119014896.png,3264
1446122119202397.png,3265
1446122119452400.png,3266
1446122119764903.png,3267
1446122119952406.png,3268
1446122120139908.png,3269
1446122120327411.png,3270
1446122120514915.png,3271
1446122120952418.png,3272
1446122121139925.png,3273
1446122121327421.png,3274
1446122121514921.png,3275
1446122121702424.png,3276
1446122122014927.png,3277
1446122122202431.png,3278
1446122122452433.png,3279
1446122122764933.png,3280
1446122122952435.png,3281
1446122123139937.png,3282
1446122123452440.png,3283
1446122123639945.png,3284
1446122123827444.png,3285
1446122124014947.png,3286
1446122124327452.png,3287
1446122124514953.png,3288
1446122124827456.png,3289
1446122125139959.png,3290
1446122125452463.png,3291
1446122125202460.png,3292
1446122125514964.png,3293
1446122125327462.png,3294
1446122125514964.png,3295
1446122125702467.png,3296
1446122125952469.png,3297
1446122126327473.png,3298
1446122126014969.png,3299
1446122126452475.png,3300
1446122126639977.png,3301
1446122126827479.png,3302
1446122127014981.png,3303
1446122127202483.png,3304
1446122127452488.png,3305
1446122127639991.png,3306
1446122127827490.png,3307
1446122128139994.png,3308
1446122128327496.png,3309
1446122128514998.png,3310
1446122128702500.png,3311
1446122128952503.png,3312
1446122129265007.png,3313
1446122129452509.png,3314
1446122129577510.png,3315
1446122129827513.png,3316
1446122130140017.png,3317
1446122130327518.png,3318
1446122130577521.png,3319
1446122130765022.png,3320
1446122131015025.png,3321
1446122130327518.png,3322
1446122131202529.png,3323
1446122131452530.png,3324
1446122131640031.png,3325
1446122131952534.png,3326
1446122132140039.png,3327
1446122132327540.png,3328
1446122132515039.png,3329
1446122132702542.png,3330
1446122133140046.png,3331
1446122133265048.png,3332
1446122133515049.png,3333
1446122133702550.png,3334
1446122133952551.png,3335
1446122134202552.png,3336
1446122134452554.png,3337
1446122134702557.png,3338
1446122135015059.png,3339
1446122135202560.png,3340
1446122135515077.png,3341
1446122135765066.png,3342
1446122135952567.png,3343
1446122136140069.png,3344
1446122136327572.png,3345
1446122136577573.png,3346
1446122136827575.png,3347
1446122137015076.png,3348
1446122137140076.png,3349
1446122137327580.png,3350
1446122137515079.png,3351
1446122137702586.png,3352
1446122137952584.png,3353
1446122137827582.png,3354
1446122137952584.png,3355
1446122138140085.png,3356
1446122138390090.png,3357
1446122138515091.png,3358
1446122138702591.png,3359
1446122138952594.png,3360
1446122139140097.png,3361
1446122139327600.png,3362
1446122139515100.png,3363
1446122139702602.png,3364
1446122140015106.png,3365
1446122140202607.png,3366
1446122140452609.png,3367
1446122140640110.png,3368
